State,District,Latitude,Longitude,District Code,Population,Households with Internet,Households with Internet,Owned Households,Rented Households,Age Group 0-29,Age Group 30-49,Age Group 50+,Total Power Parity,Households with Internet,Households with Internet,sex_ratio,literacy_rate
Andhra Pradesh,Adilabad,19.284513950073435,78.81321233480176,532,2741239,5512,5512,559211,77594,1536378,704551,422522,4181,5512,5512,100.0,54.0
Andhra Pradesh,Anantapur,14.312065561843148,77.4601584478577,553,4081148,8606,8606,779195,172680,2189396,1104565,739612,5799,8606,8606,98.0,57.0
Andhra Pradesh,Chittoor,13.33109263067696,78.92763898886037,554,4174064,13763,13763,815953,196720,2148179,1159053,807430,5926,13763,13763,100.0,64.0
Andhra Pradesh,East Godavari,16.782718320784902,82.2432074720511,545,5154296,22411,22411,1088823,278383,2724328,1478954,948122,7211,22411,22411,101.0,64.0
Andhra Pradesh,Guntur,15.884925767634847,80.58657614107885,548,4887813,19383,19383,981115,276073,2583462,1371811,928462,6981,19383,19383,100.0,61.0
Andhra Pradesh,Hyderabad,17.38971555555556,78.46668888888888,536,3943323,149034,149034,437146,422826,2249130,1068243,542669,11071,149034,149034,95.0,73.0
Andhra Pradesh,Karimnagar,18.515483193277312,79.43765428571413,534,3776269,8831,8831,823820,141432,1940234,1031735,728494,5251,8831,8831,101.0,58.0
Andhra Pradesh,Khammam,17.683921325051784,80.67008643892335,541,2797370,8628,8628,616617,115379,1530602,774583,477955,3836,8628,8628,101.0,58.0
Andhra Pradesh,Krishna,16.143872753151673,81.14805061000413,547,4517398,30438,30438,863382,328243,2340943,1284630,833959,6983,30438,30438,99.0,67.0
Andhra Pradesh,Kurnool,15.43759715142429,77.90086836581717,552,4053463,10081,10081,710444,156505,2368684,1053618,609027,5301,10081,10081,99.0,52.0
Andhra Pradesh,Mahbubnagar,16.639546224256293,77.98933089244859,538,4053028,6153,6153,800743,66068,2360874,1027525,637430,4695,6153,6153,98.0,48.0
Andhra Pradesh,Medak,17.889304978038055,78.13778901903379,535,3033288,8635,8635,570933,90125,1735769,779738,509368,3874,8635,8635,99.0,54.0
Andhra Pradesh,Nalgonda,17.113250515463907,79.16984453608244,539,3488809,7715,7715,760789,103172,1932349,897137,651748,4468,7715,7715,98.0,57.0
Andhra Pradesh,Nizamabad,18.429485849056604,78.07523490566035,533,2551335,5261,5261,490840,93887,1399773,676401,437573,3458,5261,5261,104.0,54.0
Andhra Pradesh,Prakasam,15.489039001601704,80.11665790176184,549,3397448,6151,6151,717208,127205,1832695,917391,641707,4304,6151,6151,98.0,56.0
Andhra Pradesh,Srikakulam,18.570900998697432,84.25874814010675,542,2703114,3988,3988,610487,68045,1423119,747385,528736,3301,3988,3988,101.0,55.0
Andhra Pradesh,Vizianagaram,18.28329696032972,83.45982854198873,543,2344474,4453,4453,514227,68076,1206366,666394,451469,3103,4453,4453,102.0,53.0
Andhra Pradesh,Warangal,18.01752608695651,79.87422028985509,540,3512576,12952,12952,761465,117060,1891954,941452,664872,4762,12952,12952,100.0,59.0
Andhra Pradesh,West Godavari,16.63297943925236,81.45912990654196,546,3936966,12050,12050,836015,207958,2051513,1127764,755533,5485,12050,12050,100.0,67.0
Arunachal Pradesh,Changlang,27.36048479338845,96.37552644628106,253,148226,170,170,20141,5793,96630,35018,16414,348,170,170,93.0,49.0
Arunachal Pradesh,East Kameng,27.371194055944056,93.04741486013997,247,78690,57,57,12051,2014,53752,17922,6960,348,57,57,103.0,49.0
Arunachal Pradesh,East Siang,28.15382352941176,95.06499226006191,251,99214,450,450,11640,5518,61993,25334,11802,644,450,450,98.0,63.0
Arunachal Pradesh,Kurung Kumey,28.04853351800553,93.24531994459834,256,92076,95,95,15458,410,64379,20713,6836,348,95,95,103.0,40.0
Arunachal Pradesh,Lohit,27.946785273972623,96.59670770547945,259,145726,312,312,17340,7188,94890,35493,15195,348,312,312,91.0,57.0
Arunachal Pradesh,Lower Dibang Valley,28.32651730103806,95.76567335640142,258,54080,207,207,5317,3805,35140,13254,5652,348,207,207,93.0,59.0
Arunachal Pradesh,Lower Subansiri,27.70849297297297,93.96226108108112,255,83030,381,381,11259,3062,55258,20305,7412,348,381,381,98.0,65.0
Arunachal Pradesh,Papum Pare,27.273529716981127,93.54468183962264,248,176573,2477,2477,15037,12769,120592,43812,11856,644,2477,2477,98.0,69.0
Arunachal Pradesh,Tawang,27.680683962264148,91.82504245283016,245,49977,96,96,6820,2134,30709,13849,5399,348,96,96,71.0,52.0
Arunachal Pradesh,Tirap,26.94406229508198,95.41470327868862,254,111975,98,98,15861,2575,71785,25669,14423,348,98,98,94.0,43.0
Arunachal Pradesh,Upper Siang,28.8309244897959,95.00155765306124,252,35320,97,97,5393,1047,21090,8910,5252,348,97,97,89.0,52.0
Arunachal Pradesh,Upper Subansiri,28.277196566523585,93.8991435622318,249,83448,139,139,13420,1635,56054,20055,7230,348,139,139,100.0,54.0
Arunachal Pradesh,West Kameng,27.46486582278483,92.65015750452083,246,83947,202,202,9390,5787,53026,22362,8493,348,202,202,82.0,58.0
Arunachal Pradesh,West Siang,28.106296920289843,94.53510344202908,250,112274,303,303,14876,4678,70415,28305,13469,348,303,303,93.0,58.0
Assam,Barpeta,26.427872264631056,90.97912010178116,303,1693622,2078,2078,326160,7625,1072312,405046,215355,348,2078,2078,95.0,53.0
Assam,Bongaigaon,26.45012521994133,90.6734296187684,319,738804,2523,2523,134382,12007,458796,184849,94939,348,2523,2523,97.0,59.0
Assam,Cachar,24.815570668693017,92.86849650455927,316,1736617,5316,5316,324905,25190,1048990,444899,241776,348,5316,5316,96.0,68.0
Assam,Darrang,26.58463215962442,92.04141338028155,325,928500,1166,1166,180669,3789,583436,226525,118102,348,1166,1166,95.0,52.0
Assam,Dhemaji,27.586533438485816,94.71336908517353,308,686133,1192,1192,122182,5984,434221,169630,82051,348,1192,1192,95.0,62.0
Assam,Dibrugarh,27.30612284482757,95.0998282327587,310,1326335,8817,8817,195303,38157,767147,371864,186774,348,8817,8817,96.0,67.0
Assam,Goalpara,26.017277777777807,90.59869891598912,302,1008183,1364,1364,190189,4793,650509,239831,117427,348,1364,1364,96.0,56.0
Assam,Golaghat,26.377219709794485,93.82583397823468,313,1066888,3073,3073,193055,12450,629153,289085,148244,348,3073,3073,96.0,68.0
Assam,Hailakandi,24.457496089385486,92.59154664804475,318,659296,1211,1211,134032,4264,419921,156243,82841,348,1211,1211,95.0,62.0
Assam,Jorhat,26.76244824016563,94.30197722567289,312,1092256,5651,5651,196137,21137,604908,315550,171062,348,5651,5651,96.0,73.0
Assam,Kamrup,26.170939452054807,91.58863273972592,321,1517542,3109,3109,295002,7808,895775,408232,212740,348,3109,3109,95.0,66.0
Assam,Karbi Anglong,26.08966454598031,93.11536570271832,314,956313,1923,1923,155192,16484,618633,233739,103123,348,1923,1923,95.0,58.0
Assam,Karimganj,24.69660712250711,92.3679498575498,317,1228686,1933,1933,230546,10212,779850,284368,163990,348,1933,1933,96.0,65.0
Assam,Kokrajhar,26.497246635730868,90.13997470997688,300,887142,1218,1218,171597,4205,552671,224715,108956,348,1218,1218,96.0,55.0
Assam,Lakhimpur,27.14128805970149,94.0775949253732,307,1042137,1948,1948,183814,12407,639385,268872,133615,348,1948,1948,97.0,66.0
Assam,Nagaon,26.26462170626351,92.9306191144708,305,2823768,5121,5121,509358,32751,1778277,678034,366112,348,5121,5121,96.0,61.0
Assam,Nalbari,26.46323767605632,91.40598521126763,323,771639,1631,1631,149314,4519,442061,211320,117809,348,1631,1631,95.0,69.0
Assam,Sonitpur,26.73514926829268,92.85197804878044,306,1924110,4358,4358,323644,22030,1159991,501239,261648,348,4358,4358,96.0,58.0
Assam,Tinsukia,27.53549291139241,95.69055949367085,309,1327929,5135,5135,179202,37251,799874,352158,175377,348,5135,5135,95.0,60.0
Bihar,Araria,26.211528119180603,87.30766554934816,209,2811569,2561,2561,550065,6185,1872943,612012,324091,2035,2561,2561,92.0,43.0
Bihar,Aurangabad,24.774291867469877,84.45986024096379,235,2540073,2362,2362,377134,6754,1626969,564571,340948,2215,2362,2362,93.0,58.0
Bihar,Aurangabad,24.774291867469877,84.45986024096379,515,3701282,23258,23258,580691,138210,2211996,909771,571932,8119,23258,23258,92.0,68.0
Maharashtra,Aurangabad,20.0979228832952,75.32072196796334,235,2540073,2362,2362,377134,6754,1626969,564571,340948,2215,2362,2362,93.0,58.0
Maharashtra,Aurangabad,20.0979228832952,75.32072196796334,515,3701282,23258,23258,580691,138210,2211996,909771,571932,8119,23258,23258,92.0,68.0
Bihar,Banka,24.832355642023337,86.8664916342413,225,2034763,1704,1704,372571,3728,1291235,462080,278863,1738,1704,1704,91.0,47.0
Bihar,Begusarai,25.54302613168723,86.12560144032932,222,2970541,4644,4644,577162,10968,1951688,644874,369996,2354,4644,4644,89.0,52.0
Bihar,Bhagalpur,25.277192885375477,87.04213814229242,224,3037766,6764,6764,540365,13460,1952879,674660,397654,2814,6764,6764,88.0,52.0
Bihar,Bhojpur,25.50666439393939,84.49407803030304,231,2728407,3661,3661,401256,9625,1722387,613072,387389,2600,3661,3661,91.0,59.0
Bihar,Buxar,25.48593018867924,84.08808081760995,232,1706352,1784,1784,254972,4718,1074754,375372,253998,1556,1784,1784,92.0,58.0
Bihar,Darbhanga,26.146187719298258,85.97387352472099,215,3937385,6280,6280,785953,10615,2535344,865971,529314,3514,6280,6280,91.0,46.0
Bihar,Gaya,24.7266541547278,84.94291217765044,236,4391418,6856,6856,665673,18754,2810026,936630,537333,3998,6856,6856,94.0,52.0
Bihar,Gopalganj,26.44874364161851,84.34636127167629,217,2562012,3707,3707,412706,5453,1642807,546202,370662,2370,3707,3707,102.0,54.0
Bihar,Jamui,24.78418380462726,86.26316298200514,238,1760405,1839,1839,300265,5351,1135919,392052,227016,1516,1839,1839,92.0,49.0
Bihar,Jehanabad,25.155679045643165,84.9208124481328,239,1125313,1106,1106,176076,4205,714244,254582,155106,960,1106,1106,92.0,55.0
Bihar,Katihar,25.56565356037151,87.70466083591326,212,3071029,2941,2941,595596,11309,2054202,660403,353483,2516,2941,2941,92.0,42.0
Bihar,Khagaria,25.53558891454964,86.56593256351037,223,1666886,1580,1580,321312,3292,1114645,355531,195796,1254,1580,1580,89.0,46.0
Bihar,Kishanganj,26.324336758321294,87.95045007235886,210,1690400,1093,1093,326865,4776,1139615,361114,188447,1347,1093,1093,95.0,44.0
Bihar,Lakhisarai,25.183449321266963,86.12825701357468,227,1000912,1186,1186,158930,3444,650642,218840,130655,904,1186,1186,90.0,51.0
Bihar,Madhepura,25.77341929460581,86.8978443983403,213,2001762,1397,1397,394241,3072,1311771,444235,242382,1494,1397,1397,91.0,42.0
Bihar,Madhubani,26.41380538172716,86.16328360450552,207,4487379,5319,5319,884913,8410,2860455,1009424,611899,3520,5319,5319,93.0,48.0
Bihar,Munger,25.198537962962963,86.54173672839504,226,1367765,2653,2653,248457,11182,860147,316713,188319,1424,2653,2653,88.0,59.0
Bihar,Muzaffarpur,26.18664417177915,85.32745092024543,216,4801062,10290,10290,911967,22474,3016735,1079189,697108,4105,10290,10290,90.0,52.0
Bihar,Nalanda,25.229345508982053,85.48053113772461,229,2877653,4156,4156,464186,17540,1829128,642197,403129,2578,4156,4156,92.0,53.0
Bihar,Nawada,24.825708836206903,85.61594568965519,237,2219146,1841,1841,336216,7706,1440781,485628,288805,1924,1841,1841,94.0,49.0
Bihar,Pashchim Champaran,27.16064352201258,84.30265911949685,203,3935042,3495,3495,694531,7910,2544205,888205,497793,3181,3495,3495,91.0,45.0
Bihar,Patna,25.40297114503818,85.3198433587787,230,5838465,40692,40692,829728,104162,3626564,1382654,815638,7065,40692,40692,90.0,59.0
Bihar,Purba Champaran,26.68129336734693,85.00382155612242,204,5099371,7719,7719,967001,9489,3316422,1122340,648009,4098,7719,7719,90.0,45.0
Bihar,Purnia,25.81714801901739,87.40447606973065,211,3264619,4170,4170,624039,8720,2155512,696556,372692,2641,4170,4170,92.0,41.0
Bihar,Rohtas,24.99170460829495,83.9350762672811,234,2959918,4594,4594,433720,15995,1875174,673742,407193,1555,4594,4594,92.0,61.0
Bihar,Saharsa,25.821270696721303,86.54670819672135,214,1900661,1668,1668,359161,5426,1249692,415863,233870,1582,1668,1668,91.0,42.0
Bihar,Samastipur,25.793205563909765,85.94833323308269,221,4261566,5379,5379,829443,10874,2766930,913339,568812,3500,5379,5379,91.0,50.0
Bihar,Saran,25.89656077844312,84.82266287425155,219,3951862,4509,4509,628222,8764,2516115,847031,585386,3667,4509,4509,95.0,55.0
Bihar,Sheikhpura,25.12472436548223,85.77839390862943,228,636342,631,631,100345,2119,413475,136898,85045,565,631,631,93.0,52.0
Bihar,Sheohar,26.458380748663107,85.29539411764709,205,656246,478,478,147280,830,421241,139909,93398,489,478,478,89.0,43.0
Bihar,Sitamarhi,26.56570069686413,85.61172491289203,206,3423574,3460,3460,720630,6856,2206340,739982,449035,2679,3460,3460,90.0,42.0
Bihar,Siwan,26.1736372013652,84.33766552901022,218,3330464,3834,3834,535085,6347,2115448,713597,498299,3014,3834,3834,99.0,58.0
Bihar,Supaul,26.28157893772896,86.78496465201461,208,2229076,1845,1845,430158,5069,1453438,495020,277610,1836,1845,1845,93.0,46.0
Bihar,Vaishali,25.8134703180212,85.39247597173153,220,3495021,4810,4810,620927,6879,2176701,759132,486032,2930,4810,4810,89.0,55.0
Chandigarh,Chandigarh,30.7426,76.75872465753424,55,1055450,44283,44283,112043,110377,602411,303748,148945,34145,44283,44283,82.0,76.0
Chhattisgarh,Bastar,19.393866751269048,81.52895126903546,414,1413199,1782,1782,287405,13252,864272,358157,189569,1529,1782,1782,102.0,46.0
Chhattisgarh,Bilaspur,22.356942982456143,81.99770350877188,30,381956,1574,1574,75560,4092,193671,107367,80497,3666,1574,1574,98.0,75.0
Chhattisgarh,Bilaspur,22.356942982456143,81.99770350877188,406,2663629,8566,8566,561313,37623,1625484,655032,380114,2981,8566,8566,97.0,60.0
Himachal Pradesh,Bilaspur,31.3780422907489,76.65316079295157,30,381956,1574,1574,75560,4092,193671,107367,80497,3666,1574,1574,98.0,75.0
Himachal Pradesh,Bilaspur,31.3780422907489,76.65316079295157,406,2663629,8566,8566,561313,37623,1625484,655032,380114,2981,8566,8566,97.0,60.0
Chhattisgarh,Dhamtari,20.554912627291245,81.7569195519348,412,799781,1016,1016,156006,6283,461125,213021,125429,782,1016,1016,101.0,68.0
Chhattisgarh,Durg,21.194463849287164,81.33181639511197,409,3343872,16141,16141,582952,74863,1919832,898241,523656,4209,16141,16141,99.0,69.0
Chhattisgarh,Jashpur,22.77286167664669,83.8703962075848,402,851669,567,567,179774,7347,488965,214455,148100,856,567,567,101.0,58.0
Chhattisgarh,Korba,22.491712499999995,82.57604326923074,404,1206640,4544,4544,232642,29297,729708,309479,166959,1565,4544,4544,97.0,62.0
Chhattisgarh,Koriya,23.50412776859501,82.12515636363635,400,658917,1667,1667,124298,17842,399581,165022,94073,852,1667,1667,97.0,60.0
Chhattisgarh,Mahasamund,21.223727037773354,82.65925427435384,411,1032754,961,961,241908,7773,582544,272009,177826,964,961,961,102.0,62.0
Chhattisgarh,Raigarh,22.008265068493166,83.27797698630134,403,1493984,3342,3342,331942,19805,841958,398257,253488,1575,3342,3342,99.0,64.0
Chhattisgarh,Raigarh,22.008265068493166,83.27797698630134,520,2634200,38570,38570,463109,119513,1414154,748339,462741,6097,38570,38570,96.0,74.0
Maharashtra,Raigarh,18.453257637845976,73.0090609418579,403,1493984,3342,3342,331942,19805,841958,398257,253488,1575,3342,3342,99.0,64.0
Maharashtra,Raigarh,18.453257637845976,73.0090609418579,520,2634200,38570,38570,463109,119513,1414154,748339,462741,6097,38570,38570,96.0,74.0
Chhattisgarh,Raipur,20.88603153846152,82.20032759615388,410,4063872,20261,20261,739497,86940,2454299,1038155,560184,4561,20261,20261,98.0,65.0
Chhattisgarh,Surguja,23.32719278728607,83.23582493887531,401,2359886,2737,2737,492651,18701,1441436,561915,355077,2462,2737,2737,98.0,50.0
Daman and Diu,Daman,20.431616666666677,72.8392366071429,495,191173,1316,1316,14722,33493,122589,52868,15428,34145,1316,1316,53.0,79.0
Daman and Diu,Junagadh,20.72568199498111,70.83985639899612,479,2743082,6628,6628,457405,57119,1527888,749156,461650,5549,6628,6628,95.0,67.0
Gujarat,Junagadh,20.929523011609785,70.54733890140345,479,2743082,6628,6628,457405,57119,1527888,749156,461650,5549,6628,6628,95.0,67.0
Goa,North Goa,15.548723418714054,73.80667997909038,585,818008,23440,23440,145651,26362,380926,260533,175035,2078,23440,23440,96.0,81.0
Goa,South Goa,15.195278658183785,73.941792596877,586,640537,17624,17624,108881,29829,314480,194872,130605,1646,17624,17624,99.0,78.0
Gujarat,Ahmadabad,22.605425564971743,72.23898135593227,474,7214225,126341,126341,1193694,269205,3952858,2043895,1198152,18633,126341,126341,90.0,75.0
Gujarat,Amreli,21.04832649310872,71.43457637825426,480,1514190,2538,2538,265928,21529,836343,389892,282409,2825,2538,2538,96.0,66.0
Gujarat,Anand,22.282718206229863,72.57782051557454,482,2092745,9902,9902,379759,31488,1134962,585093,366419,4372,9902,9902,92.0,74.0
Gujarat,Banas Kantha,24.258538965517253,71.93205252873561,469,3120506,3424,3424,515862,33035,1984701,738412,394793,4242,3424,3424,94.0,55.0
Gujarat,Bharuch,21.75787276237761,72.67326346710801,488,1551019,10257,10257,279792,44555,844298,442523,254728,3242,10257,10257,93.0,72.0
Gujarat,Bhavnagar,21.70219390341736,72.16272632761141,481,2880365,7297,7297,467094,61608,1708938,720241,445121,5434,7297,7297,93.0,66.0
Gujarat,Gandhinagar,23.193679790026252,72.67221679790026,473,1391753,12107,12107,234873,41902,769329,391862,224886,6016,12107,12107,92.0,74.0
Gujarat,Jamnagar,22.410600414263328,69.62062005768233,477,2160119,11573,11573,354786,56645,1220598,576319,358455,5028,11573,11573,94.0,65.0
Gujarat,Kachchh,23.48057203301311,68.82192301497916,468,2092371,9631,9631,328271,83137,1278604,524052,286086,4146,9631,9631,91.0,60.0
Gujarat,Kheda,22.88765312500002,73.018803515625,483,2299885,5710,5710,429236,22358,1260660,628221,388646,4252,5710,5710,94.0,72.0
Gujarat,Mahesana,23.529355452865065,72.45545194085031,471,2035064,7759,7759,371860,43193,1119451,554432,357578,3648,7759,7759,93.0,74.0
Gujarat,Narmada,21.70666386292833,73.68403208722742,487,590297,576,576,115602,4801,336830,157910,93466,979,576,576,96.0,63.0
Gujarat,Navsari,20.866973318871995,72.86184869848157,490,1329672,6726,6726,262571,25882,673014,390349,258957,3256,6726,6726,96.0,75.0
Gujarat,Panch Mahals,22.80435606837605,73.61984598290586,484,2390776,3456,3456,425072,15044,1421859,599925,363391,3981,3456,3456,95.0,60.0
Gujarat,Patan,23.80634198473284,71.75162977099237,470,1343734,2231,2231,245138,19197,786357,341381,213465,2199,2231,2231,94.0,62.0
Gujarat,Porbandar,21.55092351651571,69.71896987722886,478,585449,1653,1653,103353,16208,314886,163777,105638,1463,1653,1653,95.0,67.0
Gujarat,Rajkot,22.40603377715488,70.83679439383323,476,3804558,21785,21785,644828,111779,2080568,1052871,659576,8498,21785,21785,93.0,72.0
Gujarat,Sabar Kantha,23.71803594548552,73.13638790459964,472,2428589,5262,5262,450063,22065,1393131,630963,400905,3934,5262,5262,95.0,65.0
Gujarat,Surat,21.25761372772093,72.93488716344339,492,6081322,55694,55694,788508,478407,3563443,1740746,723415,16368,55694,55694,79.0,75.0
Gujarat,Surendranagar,22.82672007299272,71.48358740875906,475,1756268,2975,2975,306924,26468,1033435,439352,280582,3227,2975,2975,93.0,62.0
Gujarat,The Dangs,20.801633877551023,73.6883518367347,489,228291,137,137,46314,1291,146095,51821,30027,325,137,137,101.0,62.0
Gujarat,Vadodara,22.26133739279589,73.49433010291594,486,4165626,53606,53606,771779,88479,2213474,1190041,733710,9753,53606,53606,93.0,69.0
Gujarat,Valsad,20.44238231644259,72.9148584798345,491,1705678,11020,11020,297911,58586,944532,485874,259906,3316,11020,11020,92.0,69.0
Haryana,Ambala,30.3503672316384,76.94970310734456,70,1128350,12899,12899,183898,18611,617859,308126,201685,2781,12899,12899,88.0,72.0
Haryana,Bhiwani,28.728868064516128,76.02110225806452,81,1634445,5292,5292,293443,11408,964960,405760,261428,3349,5292,5292,89.0,65.0
Haryana,Faridabad,28.14873109756098,77.32718536585368,88,1809733,43437,43437,276186,69917,1095602,481318,231029,5080,43437,43437,87.0,70.0
Haryana,Fatehabad,29.57298318584072,75.54608716814157,78,942011,3210,3210,162708,8832,555745,237009,147469,1854,3210,3210,90.0,59.0
Haryana,Gurgaon,28.043894789579163,77.01935130260523,86,1514432,67087,67087,211728,98060,875531,428101,210307,3107,67087,67087,85.0,73.0
Haryana,Hisar,29.23628731117825,75.84324682779452,80,1743931,10132,10132,295628,23078,1017830,456536,265109,3642,10132,10132,87.0,64.0
Haryana,Jhajjar,28.59651868131869,76.61137142857145,83,958405,5034,5034,168223,12154,549975,245095,162356,2169,5034,5034,86.0,71.0
Haryana,Jind,29.45149821958457,76.29598575667653,77,1334152,5263,5263,227870,12316,784085,335704,213478,2674,5263,5263,87.0,62.0
Haryana,Kaithal,29.96068539094649,76.37698930041155,73,1074304,3724,3724,189832,7550,630194,265813,176320,2046,3724,3724,88.0,60.0
Haryana,Karnal,29.703200647249204,76.87488025889972,74,1505324,11163,11163,258981,19328,884972,380409,234684,3368,11163,11163,89.0,65.0
Haryana,Kurukshetra,30.05652659846548,76.78774680306903,72,964655,7356,7356,162147,13063,552034,250830,160216,2137,7356,7356,89.0,67.0
Haryana,Mahendragarh,28.1352161458333,76.14018072916659,84,922088,2624,2624,162961,3691,530000,229392,161258,1894,2624,2624,89.0,68.0
Haryana,Panchkula,30.700897142857134,76.97173238095236,69,561293,18615,18615,78722,24115,309078,157076,93606,1445,18615,18615,87.0,72.0
Haryana,Panipat,29.34352134146342,76.92895914634147,75,1205437,10024,10024,182191,32473,739075,298764,167244,2559,10024,10024,86.0,65.0
Haryana,Rewari,28.19164714828897,76.55956007604564,85,900332,5121,5121,156650,9969,518747,230704,150557,1979,5121,5121,90.0,71.0
Haryana,Rohtak,28.892517647058817,76.53123235294117,82,1061204,8482,8482,185204,15541,605741,269354,185685,2299,8482,8482,87.0,70.0
Haryana,Sirsa,29.63583446327684,74.90970480225988,79,1295189,6287,6287,219428,12951,750228,334344,208185,2681,6287,6287,90.0,60.0
Himachal Pradesh,Chamba,32.66741814595661,76.39354063116366,23,519080,1615,1615,94367,6546,306555,130606,81566,950,1615,1615,99.0,62.0
Himachal Pradesh,Hamirpur,31.67668481012659,76.49767088607594,28,454768,2521,2521,99538,4452,224044,123941,106641,878,2521,2521,110.0,79.0
Himachal Pradesh,Hamirpur,31.67668481012659,76.49767088607594,168,1104285,1196,1196,202503,4809,660774,260368,181109,1291,1196,1196,86.0,59.0
Uttar Pradesh,Hamirpur,25.738158381502892,79.82619479768789,28,454768,2521,2521,99538,4452,224044,123941,106641,878,2521,2521,110.0,79.0
Uttar Pradesh,Hamirpur,25.738158381502892,79.82619479768789,168,1104285,1196,1196,202503,4809,660774,260368,181109,1291,1196,1196,86.0,59.0
Himachal Pradesh,Kangra,32.14093603238864,76.41205910931173,24,1510075,8053,8053,314828,16832,766581,419172,319420,2878,8053,8053,101.0,76.0
Himachal Pradesh,Kinnaur,31.60667184065933,78.51613736263741,34,84121,354,354,13926,4511,42360,26599,15075,181,354,354,82.0,72.0
Himachal Pradesh,Kullu,31.90911922077925,77.40922649350647,26,437903,2623,2623,80610,12616,244727,120510,72282,854,2623,2623,94.0,70.0
Himachal Pradesh,Mandi,31.635805940594054,76.96556930693067,27,999777,5333,5333,205510,11024,524285,279321,194661,1842,5333,5333,101.0,72.0
Himachal Pradesh,Shimla,31.155725451807253,77.62573042168668,33,814010,9177,9177,126522,44241,425721,241956,145577,1668,9177,9177,92.0,75.0
Himachal Pradesh,Sirmaur,30.682764453961443,77.43184689507493,32,529855,2220,2220,83947,10156,310244,136839,82471,930,2220,2220,92.0,68.0
Himachal Pradesh,Solan,31.03864311926604,76.94442140672783,31,580320,5250,5250,86649,31305,321533,167168,90808,1253,5250,5250,88.0,74.0
Himachal Pradesh,Una,31.58330388349513,76.18353932038836,29,521173,2412,2412,101443,5195,273223,142351,105358,987,2412,2412,98.0,77.0
Jammu and Kashmir,Doda,33.359614675767915,76.07163720136518,16,409936,596,596,76189,1997,263576,93189,52744,1103,596,596,92.0,53.0
Jammu and Kashmir,Jammu,32.713199095022645,74.8477520361991,21,1529958,19905,19905,274859,18255,816827,435895,275585,3525,19905,19905,88.0,74.0
Jammu and Kashmir,Kargil,33.565994894894914,76.63675315315312,4,140802,235,235,16646,1419,87532,35561,17488,214,235,235,81.0,61.0
Jammu and Kashmir,Kathua,32.51781678321678,75.58901398601404,7,616435,1443,1443,114949,2179,357864,160123,97684,936,1443,1443,89.0,63.0
Jammu and Kashmir,Pulwama,33.88414418604652,75.00921860465118,12,560440,1537,1537,80452,459,342601,137032,80111,1068,1537,1537,91.0,52.0
Jammu and Kashmir,Punch,33.791241290322574,74.29593161290322,5,476835,346,346,87711,762,304979,109818,61334,629,346,346,89.0,55.0
Jammu and Kashmir,Srinagar,34.27312898550724,75.11021159420288,10,1236829,16413,16413,160923,5135,693238,351561,190330,3099,16413,16413,90.0,61.0
Jammu and Kashmir,Udhampur,33.04770670731707,75.15286951219511,19,554985,1214,1214,90329,2544,339145,140785,74757,1278,1214,1214,87.0,58.0
Jharkhand,Bokaro,23.6814965034965,85.98398374125864,355,2062330,9754,9754,292464,67373,1261238,510375,282115,3604,9754,9754,92.0,62.0
Jharkhand,Chatra,24.11619945750453,84.93295804701627,347,1042886,590,590,176487,2533,692650,222892,126682,817,590,590,95.0,49.0
Jharkhand,Deoghar,24.33070100755672,86.75697632241814,350,1492073,1944,1944,249689,7201,944961,338413,205514,1267,1944,1944,93.0,53.0
Jharkhand,Dhanbad,23.854509090909097,86.40372924901185,354,2684487,11568,11568,359496,76629,1634835,648876,356445,3954,11568,11568,91.0,64.0
Jharkhand,Dumka,24.275006125574265,87.27662450229711,362,1321442,1193,1193,267228,3967,799323,324226,196164,1323,1193,1193,98.0,51.0
Jharkhand,Garhwa,24.082114689265527,83.68664265536722,346,1322784,565,565,250350,2997,860869,284036,177599,1017,565,565,94.0,49.0
Jharkhand,Giridih,24.30578509874329,86.08710915619386,349,2445474,1944,1944,381432,6860,1597269,533788,312967,2384,1944,1944,94.0,51.0
Jharkhand,Godda,24.8189,87.2941735483871,351,1313551,874,874,245973,2288,820367,308639,183519,1057,874,874,94.0,46.0
Jharkhand,Gumla,23.078532948929148,84.55056787479396,366,1025213,831,831,179247,7713,643579,225871,155452,849,831,831,99.0,55.0
Jharkhand,Jamtara,23.97873318077801,86.95325080091534,363,791042,808,808,145904,3164,480895,189889,116810,540,808,808,95.0,54.0
Jharkhand,Latehar,23.72511185840708,84.48298743362837,359,726978,340,340,127924,3721,484084,152720,89870,547,340,340,97.0,48.0
Jharkhand,Lohardaga,23.488796043165483,84.6605169064748,356,461790,351,351,87210,2967,298844,100340,62244,388,351,351,99.0,56.0
Jharkhand,Pakur,24.57260428082189,87.69691969178076,353,900422,328,328,175835,2847,587976,206826,104418,691,328,328,99.0,39.0
Jharkhand,Palamu,24.196925968109337,84.20310842824594,358,1939869,2155,2155,346286,6419,1244572,425668,268387,1515,2155,2155,93.0,53.0
Jharkhand,Ranchi,23.184235061391547,85.31781937244203,364,2914253,22538,22538,461581,79680,1742293,725938,409166,3805,22538,22538,95.0,66.0
Jharkhand,Sahibganj,24.93667989690721,87.68264097938142,352,1150567,591,591,217420,4553,745027,261849,137727,954,591,591,95.0,42.0
Jharkhand,Simdega,22.608760391198054,84.59193691931536,367,599578,423,423,111052,4279,357859,143560,97817,496,423,423,100.0,57.0
Karnataka,Bagalkot,16.15860676328503,75.64526070853468,556,1889752,3745,3745,287059,54451,1123443,465706,299774,2890,3745,3745,99.0,59.0
Karnataka,Bangalore Rural,12.936827087794448,77.47369314775169,583,990923,3729,3729,163974,55447,535765,278153,176083,1422,3729,3729,95.0,70.0
Karnataka,Belgaum,16.16107219152853,74.72329042357275,555,4779661,17560,17560,811672,126662,2669348,1251116,857143,7045,17560,17560,97.0,64.0
Karnataka,Bellary,15.074377548209377,76.47228471074374,565,2452595,9626,9626,366781,102920,1487013,617276,346905,3886,9626,9626,98.0,58.0
Karnataka,Bidar,17.950361730769224,77.19459961538459,558,1703300,3971,3971,278386,30830,1018195,397120,287271,2448,3971,3971,96.0,61.0
Karnataka,Bijapur,16.84015316666667,75.95909166666665,417,255230,117,117,47682,1846,167348,63802,23927,1387,117,117,98.0,34.0
Karnataka,Bijapur,16.84015316666667,75.95909166666665,557,2177331,4987,4987,338321,55083,1295274,527085,353549,2938,4987,4987,96.0,57.0
Karnataka,Chikmagalur,13.425288289676422,75.67626502311249,570,1137961,4510,4510,216586,41283,564994,341380,230864,1996,4510,4510,101.0,72.0
Karnataka,Chitradurga,14.29102220394736,76.57821957236843,566,1659456,5711,5711,298987,46758,891230,460057,306412,2374,5711,5711,97.0,66.0
Karnataka,Davanagere,14.330414586709884,75.91723841166937,567,1945497,7320,7320,320621,73448,1068518,538551,336173,3062,7320,7320,97.0,67.0
Karnataka,Dharwad,15.343831376975173,75.13831264108359,562,1847023,15013,15013,275419,87134,1017935,505688,322577,3519,15013,15013,97.0,70.0
Karnataka,Gadag,15.507128256880746,75.64861302752298,561,1064570,3373,3373,175742,32788,601578,279069,183409,1699,3373,3373,98.0,66.0
Karnataka,Gulbarga,17.070459515951594,76.87503850385033,579,2566326,9752,9752,378218,79335,1570719,604665,388935,5378,9752,9752,97.0,56.0
Karnataka,Hassan,12.945098749999998,76.11049549999997,574,1776421,4851,4851,363138,57085,877340,522039,375918,2743,4851,4851,101.0,69.0
Karnataka,Haveri,14.737582809224318,75.3961230607966,564,1597668,2456,2456,280133,37221,904453,426094,266586,2240,2456,2456,95.0,68.0
Karnataka,Kodagu,12.39684468085106,75.79336595744688,576,554519,3308,3308,93366,22511,276918,163360,113919,942,3308,3308,102.0,74.0
Karnataka,Kolar,13.312799881235172,78.01376947743476,581,1536401,5051,5051,261316,60630,841499,419380,274240,3389,5051,5051,98.0,66.0
Karnataka,Koppal,15.651253271028034,76.1617048598131,560,1389920,2135,2135,212484,41112,855430,330393,202984,1889,2135,2135,99.0,58.0
Karnataka,Mandya,12.574901806239744,76.81570098522172,573,1805769,3367,3367,370797,47339,902307,527236,375100,2628,3367,3367,100.0,64.0
Karnataka,Mysore,12.248100259403367,76.52881802853437,577,3001127,28397,28397,529209,139947,1580116,865220,553705,4995,28397,28397,99.0,65.0
Karnataka,Raichur,16.050795353982295,76.87368606194688,559,1928812,5200,5200,300223,48296,1196670,465173,265810,2672,5200,5200,100.0,51.0
Karnataka,Shimoga,14.063845885634592,75.17882078103197,568,1752753,8791,8791,315329,77868,913150,513297,325542,3119,8791,8791,100.0,72.0
Karnataka,Tumkur,13.592467760074973,77.02297966260545,571,2678980,7971,7971,532693,93096,1351461,760936,564196,4067,7971,7971,98.0,68.0
Karnataka,Udupi,13.450404228534568,74.72009990316337,569,1177361,9070,9070,220662,21037,559565,340903,276234,2100,9070,9070,109.0,79.0
Kerala,Alappuzha,9.542602965599087,76.38010796263319,598,2127789,28842,28842,496464,24772,891512,648522,585591,3368,28842,28842,110.0,87.0
Kerala,Ernakulam,10.004879301987431,76.26957729035381,595,3282388,88737,88737,689970,88824,1396968,1024720,858010,6274,88737,88737,103.0,87.0
Kerala,Idukki,9.80480963855423,77.04586641566264,596,1108974,8250,8250,222531,26014,494456,352163,261471,1374,8250,8250,101.0,83.0
Kerala,Kannur,11.941523076923056,75.35209891725934,589,2523003,32653,32653,507341,28563,1187177,741984,588081,4432,32653,32653,114.0,85.0
Kerala,Kasaragod,12.33310309912974,75.07768497134369,588,1307375,10378,10378,240351,22502,688763,369883,246975,1988,10378,10378,108.0,79.0
Kerala,Kollam,8.929388820570157,76.6360775852431,600,2635375,31542,31542,597009,51410,1177359,795245,660965,3910,31542,31542,111.0,85.0
Kerala,Kottayam,9.643701174068417,76.46059673302705,597,1974551,37849,37849,434540,37276,811653,596302,565048,3071,37849,37849,104.0,89.0
Kerala,Kozhikode,11.392924270557026,75.71158720159153,591,3086293,36791,36791,638772,35910,1487644,909581,686109,4594,36791,36791,110.0,85.0
Kerala,Malappuram,10.97329875666072,75.93910775606876,592,4112920,27909,27909,719609,47021,2406005,1041361,662311,4838,27909,27909,110.0,81.0
Kerala,Palakkad,10.784926903553291,76.49980490693744,593,2809934,27162,27162,575878,39417,1395222,802611,608966,3929,27162,27162,107.0,80.0
Kerala,Thiruvananthapuram,8.537101759082221,76.88711502868073,601,3301427,71621,71621,727418,83983,1488441,989238,820024,5770,71621,71621,109.0,84.0
Kerala,Thrissur,10.458932647907687,76.12321940836945,594,3121200,56148,56148,683102,48702,1394214,931841,792182,5612,56148,56148,111.0,86.0
Kerala,Wayanad,11.715277464788736,76.07587007042254,590,817420,4712,4712,166448,12409,412806,246590,157326,1095,4712,4712,103.0,79.0
Madhya Pradesh,Anuppur,23.18184220430107,81.86560000000007,461,749237,1290,1290,146164,16275,444954,193520,109813,787,1290,1290,98.0,58.0
Madhya Pradesh,Ashoknagar,24.63098846153845,77.82974493927134,459,845071,619,619,162759,5484,535410,194772,114131,861,619,619,90.0,56.0
Madhya Pradesh,Balaghat,21.80020720640569,80.42170053380796,457,1701698,1712,1712,366925,16421,969773,453605,276799,1709,1712,1712,102.0,67.0
Madhya Pradesh,Barwani,21.702135714285724,74.91004719710673,441,1385881,1158,1158,224957,12865,923665,302833,158594,1336,1158,1158,98.0,40.0
Madhya Pradesh,Betul,21.964626315789477,77.7873428189117,447,1575362,2109,2109,284681,23266,938819,392728,242592,1845,2109,2109,97.0,60.0
Madhya Pradesh,Bhind,26.35951126187245,78.7618324287653,420,1703005,1166,1166,288622,7464,1040736,399676,258588,1786,1166,1166,84.0,64.0
Madhya Pradesh,Bhopal,23.480726143790854,77.39246623093679,444,2371061,40788,40788,357177,107036,1405814,625594,330291,4298,40788,40788,92.0,70.0
Madhya Pradesh,Burhanpur,21.364567254408065,76.24460478589425,467,757847,986,986,124087,12487,469838,181605,106034,989,986,986,95.0,54.0
Madhya Pradesh,Chhatarpur,24.813637376460004,79.56449299191374,425,1762375,1880,1880,354948,12483,1112636,394060,252417,1947,1880,1880,88.0,54.0
Madhya Pradesh,Chhindwara,22.227966971713823,78.76413136439254,455,2090922,3588,3588,376356,34728,1232263,535316,321977,2513,3588,3588,96.0,62.0
Madhya Pradesh,Damoh,23.76624407960196,79.47049303482588,428,1264219,1432,1432,283661,10655,768929,312593,181403,1359,1432,1432,91.0,59.0
Madhya Pradesh,Datia,25.90226439560441,78.63916571428574,422,786754,616,616,153252,4235,473097,195131,118186,951,616,616,87.0,62.0
Madhya Pradesh,Dewas,22.7851110021322,76.46088805970157,437,1563715,3518,3518,278354,18785,943954,388648,230280,1899,3518,3518,94.0,59.0
Madhya Pradesh,Dhar,22.572681718963157,75.1105620736698,438,2185793,2388,2388,378227,33109,1377326,533243,273050,2470,2388,2388,96.0,49.0
Madhya Pradesh,Dindori,22.83738437047757,81.04332966714911,453,704524,554,554,162879,4301,419531,181841,102522,652,554,554,100.0,54.0
Madhya Pradesh,Guna,24.49043927178156,77.2235895968791,458,1241519,2482,2482,224082,13478,793150,285176,162104,1302,2482,2482,91.0,53.0
Madhya Pradesh,Gwalior,26.04074441964285,78.12782433035713,421,2032036,15779,15779,316586,45158,1218319,519728,291451,2830,15779,15779,86.0,67.0
Madhya Pradesh,Harda,22.227659781121783,77.07022571819435,448,570465,986,986,99039,7072,347774,138882,83417,619,986,986,93.0,62.0
Madhya Pradesh,Hoshangabad,22.595268801996703,78.02168094841929,449,1241350,2871,2871,217340,25354,730768,318232,191501,1535,2871,2871,91.0,65.0
Madhya Pradesh,Indore,22.680265752128648,75.9133801324502,439,3276697,48691,48691,457287,134832,1877270,894464,493096,5783,48691,48691,93.0,70.0
Madhya Pradesh,Jabalpur,23.18525572327043,79.98328754716981,451,2463289,20443,20443,434882,64448,1387369,679185,391903,3776,20443,20443,93.0,71.0
Madhya Pradesh,Jhabua,22.419578015397768,74.40921616766468,464,1025048,744,744,197972,7149,684200,220769,119681,1612,744,744,99.0,34.0
Madhya Pradesh,Katni,23.724416229116937,80.33819665871127,450,1292042,2179,2179,268593,16045,778414,326582,185857,1476,2179,2179,95.0,61.0
Madhya Pradesh,Mandla,22.70348712446353,80.38600543633753,454,1054905,912,912,232935,8554,614794,278553,160510,1043,912,912,101.0,57.0
Madhya Pradesh,Mandsaur,24.19278764044944,75.43588667736759,433,1340411,2324,2324,261639,18028,781000,346861,211815,1475,2324,2324,96.0,62.0
Madhya Pradesh,Morena,26.37313504531724,77.88447341389724,419,1965970,1781,1781,346829,12915,1254302,452484,257704,1924,1781,1781,84.0,60.0
Madhya Pradesh,Neemuch,24.70311893333336,75.06608186666664,432,826067,1945,1945,157683,14613,476995,217403,131227,1026,1945,1945,95.0,62.0
Madhya Pradesh,Panna,24.451325840092657,80.21133001158752,426,1016520,653,653,226597,5039,635347,235035,144827,1034,653,653,91.0,54.0
Madhya Pradesh,Raisen,23.292518206521724,78.16305495923909,446,1331597,1141,1141,248660,17923,832939,316319,181524,1460,1141,1141,90.0,62.0
Madhya Pradesh,Rajgarh,23.785499026425583,76.66431223922116,442,1545814,1611,1611,324899,11977,935230,363218,246447,1629,1611,1611,96.0,52.0
Madhya Pradesh,Ratlam,23.503562290502792,75.14895782122909,434,1455069,3644,3644,265828,21958,876905,363858,213560,1700,3644,3644,97.0,57.0
Madhya Pradesh,Rewa,24.861184625158856,81.57572465057183,430,2365106,3406,3406,524701,11182,1460075,540235,362228,2756,3406,3406,93.0,61.0
Madhya Pradesh,Sagar,23.800318709677374,78.71940357771273,427,2378458,4546,4546,466797,29071,1470688,569166,335432,2771,4546,4546,89.0,65.0
Madhya Pradesh,Satna,24.62777621776502,80.75547048710598,429,2228935,3754,3754,455270,16995,1365647,535086,326049,2641,3754,3754,93.0,62.0
Madhya Pradesh,Sehore,22.9297199679658,77.06780202883085,445,1311332,1566,1566,235670,11139,817608,305605,187611,1442,1566,1566,92.0,60.0
Madhya Pradesh,Seoni,22.33230487804874,79.66053863928111,456,1379131,1182,1182,284384,14621,809922,363037,205237,1369,1182,1182,98.0,63.0
Madhya Pradesh,Shahdol,23.44859864559819,81.4596831828442,460,1066063,1733,1733,232450,9838,645619,269145,150655,1302,1733,1733,97.0,57.0
Madhya Pradesh,Shajapur,23.566620317220547,76.33555181268885,436,1512681,1382,1382,281671,12132,901161,369741,240768,1647,1382,1382,94.0,59.0
Madhya Pradesh,Sheopur,25.78014810996563,77.16911116838484,418,687861,273,273,138428,5214,449974,155063,82416,693,273,273,90.0,48.0
Madhya Pradesh,Shivpuri,25.37802451874367,77.74861600810549,423,1726050,1852,1852,341253,11678,1106084,389652,227989,1827,1852,1852,88.0,52.0
Madhya Pradesh,Sidhi,24.17547189952905,82.1053783359498,462,1127033,837,837,231540,5173,721531,253685,150959,3019,837,837,96.0,53.0
Madhya Pradesh,Tikamgarh,25.14099852104666,78.89357064846428,424,1445166,1090,1090,292003,5586,898323,343824,201875,1591,1090,1090,90.0,52.0
Madhya Pradesh,Ujjain,23.319288862745065,75.80383717647058,435,1986864,7501,7501,338261,36739,1156749,508302,320502,2599,7501,7501,96.0,62.0
Madhya Pradesh,Umaria,23.59601063063061,80.90879477477475,431,644758,839,839,134416,4877,403030,158140,82984,692,839,839,95.0,55.0
Madhya Pradesh,Vidisha,23.82838307984792,77.9013507604563,443,1458875,1926,1926,275519,15915,919239,335690,203005,1583,1926,1926,90.0,59.0
Maharashtra,Akola,20.746310479041902,77.12122320359276,501,1813906,6163,6163,339748,37265,998769,483200,327932,3948,6163,6163,95.0,78.0
Maharashtra,Amravati,21.16520991810736,77.67583503184723,503,2888445,9438,9438,569476,42996,1540590,783549,553265,6236,9438,9438,95.0,78.0
Maharashtra,Bhandara,21.211792649727748,80.10950199637024,506,1200334,2932,2932,243836,26370,626978,333120,232754,2237,2932,2932,98.0,75.0
Maharashtra,Bid,18.952353340080982,75.69319706477731,523,2585049,5614,5614,492304,39323,1473882,614615,494436,4179,5614,5614,92.0,66.0
Maharashtra,Buldana,20.56680611183355,76.39017880364096,500,2586258,4767,4767,496630,31267,1467457,641840,473071,4421,4767,4767,93.0,73.0
Maharashtra,Chandrapur,20.095609090909075,79.31556380471388,509,2204307,8239,8239,440367,67694,1163802,629890,403719,5085,8239,8239,96.0,72.0
Maharashtra,Dhule,21.274018690400517,74.58719071837263,498,2050862,6065,6065,344482,54960,1167569,513908,350747,3583,6065,6065,95.0,63.0
Maharashtra,Gondiya,21.225008411214997,80.17522698598128,507,1322507,2866,2866,266154,17945,704214,371908,244111,2183,2866,2866,100.0,76.0
Maharashtra,Hingoli,19.59525302245251,77.09239412780653,512,1177345,1221,1221,209663,13034,692117,281905,201828,1853,1221,1221,94.0,67.0
Maharashtra,Jalgaon,20.8828943415638,75.55140421810695,499,4229917,14297,14297,724904,125375,2352671,1080237,763529,7988,14297,14297,92.0,68.0
Maharashtra,Jalna,19.984612534818933,75.98473607242339,514,1959046,3791,3791,348751,29927,1150104,454836,341479,3363,3791,3791,94.0,61.0
Maharashtra,Kolhapur,16.44881301587301,74.12897150793648,530,3876001,22269,22269,699588,106291,1972486,1084858,801590,8464,22269,22269,96.0,73.0
Maharashtra,Latur,18.348687268993856,76.75812607802874,524,2454196,6217,6217,421140,44074,1406364,584243,453229,4574,6217,6217,93.0,67.0
Maharashtra,Nagpur,21.196556862745105,79.02166176470584,505,4653570,57964,57964,770480,187414,2460820,1361821,818467,14073,57964,57964,95.0,79.0
Maharashtra,Nanded,19.209316983017,77.6829048951049,511,3361292,7548,7548,579750,61234,2008314,809135,535827,6214,7548,7548,94.0,65.0
Maharashtra,Nandurbar,21.523175625248147,74.32638757443429,497,1648295,2579,2579,292483,21845,1011352,390419,241534,2446,2579,2579,98.0,55.0
Maharashtra,Nashik,20.266912871287143,74.03824168316828,516,6107187,45039,45039,934281,196514,3580633,1567252,948469,13629,45039,45039,93.0,71.0
Maharashtra,Osmanabad,18.19459456066944,75.99495575313809,525,1657576,3209,3209,316237,22964,917343,393539,343021,2786,3209,3209,92.0,69.0
Maharashtra,Parbhani,19.31032425249168,76.70163338870431,513,1836086,3982,3982,325984,25840,1078349,436486,313455,3410,3982,3982,95.0,63.0
Maharashtra,Pune,18.51696171428573,74.12922881632647,521,9429408,235018,235018,1382496,612584,5184734,2624165,1586132,27223,235018,235018,91.0,76.0
Maharashtra,Ratnagiri,17.210195070127703,73.25725893866404,528,1615069,7752,7752,346267,37274,777431,438905,396967,3484,7752,7752,112.0,74.0
Maharashtra,Sangli,17.154930181086502,74.70713822937628,531,2822143,13212,13212,498771,67342,1450907,752303,603739,5798,13212,13212,97.0,73.0
Maharashtra,Satara,17.6737908974359,74.18052064102558,527,3003741,14093,14093,550485,67211,1517324,800492,671702,5649,14093,14093,99.0,74.0
Maharashtra,Sindhudurg,16.170948049777163,73.51329008172343,529,849651,3517,3517,181960,17110,382024,242296,222963,1749,3517,3517,104.0,78.0
Maharashtra,Solapur,17.837357937584812,75.42394823609216,526,4317756,15145,15145,723697,97376,2402794,1089900,809935,8995,15145,15145,94.0,67.0
Maharashtra,Thane,19.698767747440264,72.79882742564581,517,11060148,256170,256170,1758319,632143,6184519,3241888,1579921,35118,256170,256170,89.0,74.0
Maharashtra,Wardha,20.80743024390242,78.57259105691062,504,1300774,4313,4313,263170,28598,659540,370227,270107,2754,4313,4313,95.0,78.0
Maharashtra,Washim,20.282282394366213,77.25502394366208,502,1197160,1875,1875,240347,10854,682919,302425,210185,1942,1875,1875,93.0,73.0
Maharashtra,Yavatmal,20.04258346738159,78.05326371760479,510,2772348,6094,6094,575266,39344,1549263,733258,483813,4937,6094,6094,95.0,73.0
Manipur,Bishnupur,24.50712111801243,93.8246236024845,275,237399,676,676,43516,784,135220,62907,38815,226,676,676,100.0,66.0
Manipur,Chandel,24.2635812987013,94.09443844155844,280,144182,184,184,27448,1411,86255,39324,18329,250,184,184,93.0,63.0
Manipur,Churachandpur,24.30309718875504,93.38671506024085,274,274143,837,837,42769,6655,168608,67802,37096,327,837,837,97.0,71.0
Manipur,Senapati,25.08465586034914,94.03366234413956,272,479148,256,256,33051,1017,314439,111516,52008,823,256,256,94.0,55.0
Manipur,Tamenglong,24.98312942238265,93.49450740072204,273,140651,125,125,23804,352,90273,33290,16924,90,125,125,94.0,60.0
Manipur,Thoubal,24.545392553191498,93.97959893617023,276,422168,880,880,83390,873,251975,107196,62060,539,880,880,100.0,64.0
Manipur,Ukhrul,25.05900314960629,94.44129566929138,279,183998,276,276,32455,2313,113715,43646,25165,79,276,276,94.0,71.0
Meghalaya,East Garo Hills,25.82728228228228,90.64684924924916,294,317917,288,288,54960,2057,216742,70424,29926,450,288,288,97.0,60.0
Meghalaya,East Khasi Hills,25.303763888888884,91.75922519841272,298,825922,5032,5032,93999,59647,545961,192428,86576,1456,5032,5032,101.0,70.0
Meghalaya,Jaintia Hills,25.33959557069844,92.37608160136298,299,395124,510,510,57268,6500,291097,72934,30362,528,510,510,101.0,47.0
Meghalaya,South Garo Hills,25.240568578553614,90.64560349127176,295,142334,179,179,22964,873,97082,30605,14495,139,179,179,95.0,58.0
Meghalaya,West Garo Hills,25.495285185185185,90.03709947089942,293,643291,1630,1630,113504,6163,427629,143604,70599,791,1630,1630,98.0,56.0
Meghalaya,West Khasi Hills,25.500889926739926,91.25364542124538,296,383461,149,149,59459,3555,278569,69988,33431,479,149,149,98.0,60.0
Mizoram,Aizawl,23.90781335453101,92.85359459459472,283,400309,4019,4019,40704,38953,235892,108094,56092,963,4019,4019,101.0,85.0
Mizoram,Champhai,23.54166580976866,93.24221799485862,284,125745,186,186,19196,6021,78778,29690,17189,187,186,186,98.0,80.0
Mizoram,Kolasib,24.2020004347826,92.73470391304348,282,83955,367,367,11439,5233,52147,20576,11167,142,367,367,96.0,78.0
Mizoram,Lawngtlai,22.36102843137253,92.66964156862753,287,117894,162,162,19088,3249,80723,25303,11831,242,162,162,95.0,53.0
Mizoram,Lunglei,23.007717036172675,92.63512555425892,286,161428,482,482,24286,7832,100250,39690,21424,274,482,482,95.0,75.0
Mizoram,Mamit,23.73852942502819,92.4330803833147,281,86364,90,90,13786,2921,55914,20082,10318,94,90,90,93.0,70.0
Mizoram,Saiha,22.35744801061008,93.02827931034489,288,56574,168,168,7767,2970,37127,12784,6636,88,168,168,98.0,75.0
Mizoram,Serchhip,23.263864705882344,92.914158496732,285,64937,131,131,9272,3113,39568,15894,9404,118,131,131,98.0,84.0
Nagaland,Dimapur,25.814176811594223,93.75074057971014,265,378811,3303,3303,36263,33254,243392,98601,36618,866,3303,3303,92.0,73.0
Nagaland,Kohima,25.60311428571428,93.78600657596373,270,267988,1928,1928,30993,19010,173701,68485,25557,677,1928,1928,93.0,74.0
Nagaland,Mokokchung,26.478911764705888,94.522426006192,262,194622,537,537,31404,8870,111243,52853,30363,346,537,537,93.0,82.0
Nagaland,Mon,26.69207374301676,95.03072988826828,261,250260,178,178,36498,3623,168773,53600,27437,381,178,178,90.0,48.0
Nagaland,Phek,25.63272986577182,94.56814563758392,266,163418,170,170,30943,4878,108514,37842,16969,219,170,170,95.0,65.0
Nagaland,Tuensang,26.21104453280316,94.85809880715708,267,196596,155,155,33861,4402,134573,43210,18762,228,155,155,93.0,60.0
Nagaland,Wokha,26.202611551155112,94.1990815181518,264,166343,198,198,28312,3203,106951,40510,18811,359,198,198,97.0,77.0
Nagaland,Zunheboto,26.028178205128206,94.50026666666668,263,140757,261,261,25713,3712,91709,32267,16730,275,261,261,98.0,73.0
Orissa,Baleshwar,21.48570932311624,87.08085828011933,377,2320529,7370,7370,502635,15734,1303828,622575,390611,2664,7370,7370,96.0,70.0
Orissa,Bhadrak,20.95262735257214,86.81496204516931,378,1506337,2637,2637,296688,8307,848660,393629,260486,1711,2637,2637,98.0,73.0
Orissa,Cuttack,20.407640646029623,85.7776810228802,381,2624470,15046,15046,494043,58873,1372301,743090,499895,3852,15046,15046,94.0,77.0
Orissa,Dhenkanal,20.79887159353349,85.53226836027711,383,1192811,1810,1810,263641,9666,641697,326233,222398,1334,1810,1810,95.0,70.0
Orissa,Gajapati,19.121080882352945,84.14015091911759,389,577817,635,635,119272,7161,345387,144043,85072,617,635,635,104.0,45.0
Orissa,Ganjam,19.2632617564534,84.80297710437702,388,3529031,9049,9049,672524,74534,1980232,924756,613249,4377,9049,9049,98.0,63.0
Orissa,Jharsuguda,21.827058566978184,83.93581682242987,371,579505,2498,2498,107762,21243,320156,159477,98555,870,2498,2498,95.0,70.0
Orissa,Kalahandi,19.784253092783523,83.1124043814433,395,1576869,1953,1953,382053,10876,880160,415778,275533,1562,1953,1953,100.0,51.0
Orissa,Kandhamal,20.092878624813142,84.02216352765326,390,733110,768,768,156795,9613,436625,177471,117777,739,768,768,104.0,55.0
Orissa,Kendrapara,20.606319815982264,86.83763247572003,379,1440361,1628,1628,318778,5112,771284,374559,290894,1540,1628,1628,101.0,76.0
Orissa,Khordha,20.054162322274863,85.52234834123229,386,2251673,35701,35701,361364,102422,1199521,653346,391701,4186,35701,35701,93.0,78.0
Orissa,Koraput,18.82627794779476,82.81278469846964,398,1379647,3988,3988,294487,30413,818578,348803,207206,1519,3988,3988,103.0,41.0
Orissa,Malkangiri,18.25227930367506,81.98293636363628,399,613192,448,448,128850,5901,381913,146355,83284,564,448,448,102.0,40.0
Orissa,Mayurbhanj,21.897621545157754,86.4030408052231,376,2519738,2950,2950,559038,17104,1449729,650135,414076,2747,2950,2950,101.0,54.0
Orissa,Nayagarh,20.192895622119817,85.05614700460825,385,962789,1163,1163,219723,7144,502136,262086,196994,984,1163,1163,92.0,71.0
Orissa,Nuapada,20.471309512195116,82.59152536585364,394,610382,757,757,152129,3851,344075,152681,112325,205,757,757,102.0,49.0
Orissa,Puri,19.83509174603177,85.86698989898981,387,1698730,3416,3416,343935,17603,888134,477430,328666,2027,3416,3416,96.0,76.0
Orissa,Rayagada,19.292840020060204,83.45860120361095,396,967911,1553,1553,201492,17683,577569,245766,140825,1074,1553,1553,105.0,42.0
Orissa,Sambalpur,21.515752380952385,84.34958483245157,372,1041099,5231,5231,212516,27844,565700,286575,186726,1548,5231,5231,98.0,68.0
Orissa,Sundargarh,22.06354819277107,84.50524819277099,374,2093437,12787,12787,356607,73640,1188918,573238,324436,3130,12787,12787,97.0,64.0
Puducherry,Karaikal,10.876161726078813,79.82369793621002,637,200222,1868,1868,33788,12831,102333,60089,37434,4890,1868,1868,105.0,77.0
Puducherry,Mahe,12.006420793787758,75.28275021570326,636,41816,574,574,6569,494,19760,12543,9428,10027,574,574,118.0,87.0
Puducherry,Yanam,16.707695652173904,82.26187304347832,634,55626,207,207,6947,5816,31973,15235,8402,10027,207,207,104.0,71.0
Punjab,Amritsar,31.548679820627772,74.79883856502238,49,2490656,29961,29961,430041,41576,1384987,667193,436496,6979,29961,29961,89.0,68.0
Punjab,Bathinda,30.190524611973352,75.05685898004438,46,1388525,11284,11284,235988,21224,754927,377707,255283,3365,11284,11284,87.0,61.0
Punjab,Faridkot,30.591187250996025,74.79751553784862,45,617508,4348,4348,109071,6142,336540,164962,113721,1540,4348,4348,89.0,62.0
Punjab,Fatehgarh Sahib,30.64290947368421,76.36208394736842,40,600163,5138,5138,101426,11510,321018,166781,111028,1640,5138,5138,87.0,71.0
Punjab,Firozpur,30.63407535211269,74.40245732394365,43,2029074,10042,10042,344538,17695,1171770,525459,331259,4283,10042,10042,89.0,60.0
Punjab,Gurdaspur,32.04283371212125,75.3204064393939,35,2298323,14428,14428,409745,14231,1261421,611353,423301,5982,14428,14428,90.0,71.0
Punjab,Hoshiarpur,31.55157169811319,75.8469857442349,38,1586625,13747,13747,303081,17651,831741,422782,330671,4305,13747,13747,96.0,76.0
Punjab,Jalandhar,31.250336907216507,75.54400350515463,37,2193590,39082,39082,378807,61615,1159156,616431,416449,6883,39082,39082,92.0,74.0
Punjab,Kapurthala,31.336592638036837,75.47641165644177,36,815168,9732,9732,141816,18924,433331,222324,157833,2472,9732,9732,91.0,71.0
Punjab,Ludhiana,30.76596397379912,75.83110851528383,41,3498739,58589,58589,570487,127020,1901528,980046,614258,10593,58589,58589,87.0,73.0
Punjab,Mansa,29.919547714285724,75.4304922857143,47,769751,2673,2673,140422,4905,420050,200882,146103,1694,2673,2673,88.0,55.0
Punjab,Moga,30.756540067340065,75.1600845117845,42,995746,7897,7897,178205,9104,535408,258826,194768,2774,7897,7897,89.0,63.0
Punjab,Muktsar,30.31243303303303,74.5518747747748,44,901896,4571,4571,159581,9169,495167,242628,162297,2025,4571,4571,90.0,58.0
Punjab,Patiala,30.214540380693364,76.27505893949697,48,1895686,24274,24274,325608,28546,1042519,517079,335100,5679,24274,24274,89.0,67.0
Punjab,Rupnagar,30.910937330754347,76.53743500967126,51,684627,6600,6600,114943,14317,365300,185424,131707,2034,6600,6600,92.0,73.0
Punjab,Sangrur,30.185045204336895,75.89437014178496,53,1655169,10736,10736,294479,15033,904316,435148,311621,3943,10736,10736,89.0,61.0
Rajasthan,Ajmer,26.199300378787903,74.6990419191919,119,2583052,13499,13499,437083,40066,1561077,629951,388040,4339,13499,13499,95.0,59.0
Rajasthan,Alwar,27.55271738035265,76.65359630562563,104,3674179,9750,9750,595153,27599,2346721,836000,490137,5732,9750,9750,89.0,59.0
Rajasthan,Banswara,23.453642032967014,74.44246868131869,125,1797485,2324,2324,352341,10180,1153029,406214,216554,2734,2324,2324,98.0,46.0
Rajasthan,Baran,24.98023243243244,76.86210651828291,128,1222755,1363,1363,223828,13069,762204,286344,173100,1741,1363,1363,93.0,57.0
Rajasthan,Barmer,25.77070908045978,71.50297126436782,115,2603751,2766,2766,436661,8087,1731122,527629,326476,3437,2766,2766,90.0,46.0
Rajasthan,Bharatpur,27.32411858037578,77.21752077244258,105,2548462,4179,4179,411145,8732,1659515,546362,329127,3699,4179,4179,88.0,58.0
Rajasthan,Bhilwara,25.45119767759564,74.63947595628417,122,2408523,6207,6207,450389,37857,1439454,589476,365023,3694,6207,6207,97.0,52.0
Rajasthan,Bikaner,28.12489068322981,73.26943322981371,101,2363937,7607,7607,349733,17010,1543867,517271,288165,3411,7607,7607,91.0,54.0
Rajasthan,Bundi,25.48580716049379,75.79984074074079,121,1110906,1392,1392,202701,13298,686771,267648,155958,1723,1392,1392,92.0,53.0
Rajasthan,Chittaurgarh,24.631623761665463,74.80010997846382,126,1544338,4941,4941,293931,27803,880043,398303,258997,3238,4941,4941,97.0,53.0
Rajasthan,Churu,28.29330375536484,74.65846427038629,102,2039547,2577,2577,338115,6521,1293193,458725,272176,3361,2577,2577,94.0,56.0
Rajasthan,Dausa,26.91234817629181,76.57342097264443,109,1634409,1719,1719,284497,4381,1047136,358718,210117,2286,1719,1719,91.0,57.0
Rajasthan,Dhaulpur,26.72397054945053,77.74476219780222,106,1206516,1330,1330,195242,4973,815651,248416,141365,1641,1330,1330,85.0,57.0
Rajasthan,Dungarpur,23.75104807692308,73.84765641025645,124,1388552,1477,1477,273174,6186,868458,317700,191917,2030,1477,1477,99.0,49.0
Rajasthan,Ganganagar,29.256785412667963,73.56192303262948,99,1969168,6295,6295,330298,23354,1167889,502211,283484,3332,6295,6295,89.0,61.0
Rajasthan,Hanumangarh,29.1813351791531,74.74632573289902,100,1774692,3360,3360,306363,11944,1058044,453114,242361,2709,3360,3360,91.0,58.0
Rajasthan,Jaipur,27.033459290187885,75.77117286012533,110,6626178,76565,76565,1001457,127486,4091148,1646480,884057,12219,76565,76565,91.0,65.0
Rajasthan,Jaisalmer,26.86900838548185,71.18371877346682,114,669919,754,754,107832,3328,448969,140294,79977,986,754,754,85.0,46.0
Rajasthan,Jalor,25.07578093797277,72.18647261724662,116,1828730,1585,1585,315704,9562,1176496,390598,249379,2470,1585,1585,95.0,45.0
Rajasthan,Jhalawar,24.24725541474657,76.11242891705065,129,1411129,1750,1750,263801,15426,850546,346110,213674,1962,1750,1750,95.0,52.0
Rajasthan,Jhunjhunun,28.13517401247401,75.52840893970894,103,2137045,4828,4828,371091,9196,1298780,494124,330126,3300,4828,4828,95.0,64.0
Rajasthan,Jodhpur,26.678460838536967,73.00450847457628,113,3687165,19335,19335,574887,41870,2359786,836322,489280,5708,19335,19335,92.0,55.0
Rajasthan,Karauli,26.51901555555556,76.96081818181815,107,1458248,1059,1059,256601,4524,947173,310688,192042,1987,1059,1059,86.0,55.0
Rajasthan,Kota,25.175718080000014,76.18618928000001,127,1951014,12843,12843,300393,69588,1177474,495896,275396,3394,12843,12843,91.0,67.0
Rajasthan,Nagaur,27.07862016048146,74.14215667001012,112,3307743,4449,4449,562803,15019,2088323,754143,463469,4863,4449,4449,95.0,53.0
Rajasthan,Pali,25.80490393541874,73.55285640766907,118,2037573,4043,4043,396294,26351,1207983,467436,343384,3317,4043,4043,99.0,53.0
Rajasthan,Rajsamand,25.24894767441859,73.96570215946844,123,1156597,1989,1989,229656,13593,687165,275099,193668,1821,1989,1989,99.0,54.0
Rajasthan,Sawai Madhopur,26.251081180223288,76.4219283891548,108,1335551,1887,1887,243362,7424,841697,309237,183234,1900,1887,1887,90.0,56.0
Rajasthan,Sikar,27.64644058641976,75.29317422839503,111,2677333,5647,5647,434072,7418,1672813,605002,381226,4033,5647,5647,95.0,62.0
Rajasthan,Sirohi,24.7976905263158,72.75309131578943,117,1036346,2146,2146,184197,13430,649290,244401,142251,1621,2146,2146,94.0,46.0
Rajasthan,Tonk,26.153935071707927,75.79192216427637,120,1421326,1908,1908,258120,7695,880194,334006,205593,2145,1908,1908,95.0,53.0
Rajasthan,Udaipur,24.44076752136749,73.84029839743584,130,3068420,14211,14211,575790,35318,1876436,739287,451034,5101,14211,14211,96.0,52.0
Sikkim,East,27.29600352941175,88.74908392156858,93,1709346,80037,80037,241976,101386,948963,497157,262124,7151,80037,80037,88.0,79.0
Tamil Nadu,Ariyalur,11.190514836795256,79.22249643916912,616,754894,1749,1749,181005,14004,380484,216103,157771,1258,1749,1749,101.0,64.0
Tamil Nadu,Chennai,13.058098905608748,80.28139151846806,603,4646732,217368,217368,522493,565934,2271657,1468902,899279,15742,217368,217368,99.0,81.0
Tamil Nadu,Coimbatore,10.871376995940452,77.07619012178621,632,3458045,63273,63273,561733,346382,1579517,1117221,757738,13938,63273,63273,100.0,76.0
Tamil Nadu,Cuddalore,11.57587300613498,79.63002365371497,617,2605914,15396,15396,526657,98143,1364411,764669,473617,5300,15396,15396,99.0,70.0
Tamil Nadu,Dharmapuri,12.300141200000006,78.11509813333339,630,1506843,3651,3651,344702,32008,804186,434328,267536,2364,3651,3651,95.0,61.0
Tamil Nadu,Dindigul,10.377801390820574,77.78011279554937,612,2159775,9155,9155,445908,106467,1065734,647806,443528,4682,9155,9155,100.0,69.0
Tamil Nadu,Erode,11.267012155963302,77.42034334862392,610,2251744,18604,18604,466373,177609,1006543,701326,542295,7719,18604,18604,99.0,66.0
Tamil Nadu,Kancheepuram,12.496424756511884,80.08820360135913,604,3998252,100322,100322,700252,281627,2076492,1200284,715895,8349,100322,100322,99.0,75.0
Tamil Nadu,Kanniyakumari,8.183466300191206,77.32053064053538,629,1870374,15673,15673,420282,57337,887052,556548,425849,4377,15673,15673,102.0,83.0
Tamil Nadu,Karur,10.79532776617955,78.08749686847604,613,1064493,4915,4915,221047,61893,501585,320645,241843,2151,4915,4915,102.0,68.0
Tamil Nadu,Madurai,9.904313833333331,78.01366033333332,623,3038252,34097,34097,491822,279755,1528178,913715,593827,6917,34097,34097,99.0,75.0
Tamil Nadu,Nagapattinam,10.789468161718286,79.79437299431483,618,1616450,5585,5585,365468,40644,828444,463326,323706,3026,5585,5585,103.0,75.0
Tamil Nadu,Namakkal,11.33766638477801,78.14624841437633,609,1726601,8960,8960,343287,126986,817905,510413,397064,3824,8960,8960,99.0,68.0
Tamil Nadu,Perambalur,11.260137758112096,78.86034011799416,615,565223,1507,1507,132395,14725,291371,158218,115151,979,1507,1507,100.0,66.0
Tamil Nadu,Pudukkottai,10.130514816433578,79.05444484265728,621,1618345,4494,4494,344074,42109,835853,470428,311175,2812,4494,4494,101.0,69.0
Tamil Nadu,Ramanathapuram,9.31286995153476,78.99185362412462,626,1353445,5172,5172,270430,51959,708322,389764,252888,2340,5172,5172,98.0,72.0
Tamil Nadu,Salem,11.629324202127655,78.2478257978723,608,3482056,20660,20660,706525,199211,1737345,1029479,713294,8169,20660,20660,95.0,66.0
Tamil Nadu,Sivaganga,9.960306580645158,78.56535729032255,622,1339101,5773,5773,277432,59229,666218,391356,280462,2456,5773,5773,100.0,72.0
Tamil Nadu,Thanjavur,10.387692255892237,79.3194869107745,620,2405890,13495,13495,475525,108700,1193095,712017,499235,4914,13495,13495,103.0,74.0
Tamil Nadu,Theni,9.924066666666668,77.43458833333332,624,1245899,4667,4667,243448,78115,618923,373564,252267,2642,4667,4667,99.0,70.0
Tamil Nadu,Thiruvallur,13.275858101752885,80.19724702864492,602,3728104,75634,75634,636443,291863,1925296,1154775,643614,7731,75634,75634,99.0,75.0
Tamil Nadu,Thiruvarur,10.368927409395978,79.60322893959727,619,1264277,4416,4416,287483,34994,627880,377118,257116,2272,4416,4416,102.0,75.0
Tamil Nadu,Tiruvannamalai,12.419318947368414,79.23265631578953,606,2464875,6445,6445,536269,47934,1301347,683904,477668,4189,6445,6445,99.0,66.0
Tamil Nadu,Vellore,12.784882632293078,79.02643283582084,605,3936331,20623,20623,764911,144061,2096113,1116437,720713,8092,20623,20623,101.0,70.0
Tamil Nadu,Virudhunagar,9.468872195892564,77.87641469194315,625,1942288,10219,10219,379629,149739,987538,575006,378174,4300,10219,10219,101.0,72.0
Tripura,Dhalai,23.781360477941163,91.94654283088232,291,378230,273,273,77969,2897,232286,95548,50269,455,273,273,94.0,73.0
Tripura,North Tripura,24.121739755351683,92.17842538226292,292,693947,997,997,134974,8213,414878,178608,100274,848,997,997,97.0,75.0
Tripura,South Tripura,23.211874098057383,91.6065807585568,290,876001,948,948,196002,6427,505558,236676,133424,1118,948,948,96.0,74.0
Tripura,West Tripura,23.780166241299337,91.41310788863107,289,1725739,6394,6394,365266,29156,940424,499719,284637,2817,6394,6394,96.0,79.0
Uttar Pradesh,Agra,26.99512974910393,78.05278291517321,146,4418797,27183,27183,626023,37112,2871903,991255,547873,5982,27183,27183,87.0,61.0
Uttar Pradesh,Aligarh,27.93748576850093,78.00146831119557,143,3673889,13634,13634,564776,33059,2378289,787408,472667,4290,13634,13634,88.0,57.0
Uttar Pradesh,Allahabad,25.392038662316445,82.05172446982063,175,5954391,24122,24122,853641,34772,3764404,1335224,818137,7224,24122,24122,90.0,62.0
Uttar Pradesh,Ambedkar Nagar,26.39119025974028,82.68282142857147,178,2397888,2509,2509,357876,4387,1499494,515229,367234,2797,2509,2509,98.0,62.0
Uttar Pradesh,Auraiya,26.66892394014961,79.42637057356607,162,1379545,2404,2404,240103,6104,856336,320763,202054,1510,2404,2404,86.0,67.0
Uttar Pradesh,Azamgarh,26.008290954773837,83.01220251256285,191,4613913,6652,6652,647550,7850,2930243,965876,699954,5419,6652,6652,102.0,60.0
Uttar Pradesh,Baghpat,29.045793499999988,77.30266300000001,139,1303048,2989,2989,196311,6261,817140,283276,194548,1514,2989,2989,86.0,61.0
Uttar Pradesh,Bahraich,27.691776300578027,81.46779783237004,180,3487731,2681,2681,582513,7619,2275746,754346,446242,3060,2681,2681,89.0,40.0
Uttar Pradesh,Ballia,25.86075638297873,84.03651978723408,193,3239774,4672,4672,472507,5795,1975934,724362,502628,3634,4672,4672,94.0,61.0
Uttar Pradesh,Balrampur,27.449076537911324,82.47158326180256,182,2148665,1551,1551,314737,4279,1415213,442339,283947,2174,1551,1551,93.0,40.0
Uttar Pradesh,Banda,25.351885902503284,80.52487391304344,170,1799410,1655,1655,312553,6773,1120432,408527,265310,1949,1655,1655,86.0,56.0
Uttar Pradesh,Bara Banki,26.922777025232424,81.35762350597606,176,3260699,3159,3159,554258,8736,2043335,709494,445269,3230,3159,3159,91.0,52.0
Uttar Pradesh,Bareilly,28.51101940789474,79.43187072368416,150,4448359,15164,15164,698240,36162,2893965,952233,514141,5126,15164,15164,89.0,49.0
Uttar Pradesh,Basti,26.833880454545447,82.69790590909092,185,2464464,3423,3423,372178,5089,1574037,519265,363891,2775,3423,3423,96.0,57.0
Uttar Pradesh,Bijnor,29.313974259681096,78.45098815489754,134,3682713,7303,7303,604085,17110,2404576,786305,450186,4310,7303,7303,92.0,58.0
Uttar Pradesh,Bulandshahr,28.34875862068968,78.01082758620684,142,3499171,7865,7865,549364,26299,2246254,753949,472808,4534,7865,7865,90.0,58.0
Uttar Pradesh,Chandauli,25.1180859611231,83.25307062634984,196,1952756,3492,3492,283240,9071,1222695,437000,287767,2183,3492,3492,92.0,60.0
Uttar Pradesh,Chitrakoot,25.159924623803,81.07666087551297,171,991730,827,827,162755,3009,638046,214228,136669,1019,827,827,88.0,54.0
Uttar Pradesh,Deoria,26.42218856548857,83.8244070686071,190,3100946,4469,4469,463312,6074,1946336,664708,481219,3643,4469,4469,102.0,60.0
Uttar Pradesh,Etah,27.591155309734443,78.70021858407083,201,1774480,2635,2635,280646,6907,1149372,383707,237427,3461,2635,2635,87.0,59.0
Uttar Pradesh,Etawah,26.78817670157068,79.07621806282728,161,1581810,2964,2964,261034,10690,979633,362026,237786,1825,2964,2964,87.0,67.0
Uttar Pradesh,Faizabad,26.60589185185181,82.00783530864202,177,2470996,4746,4746,403711,10253,1534832,543148,367332,2985,4746,4746,96.0,59.0
Uttar Pradesh,Farrukhabad,27.45063297872342,79.4406284574468,159,1885204,2624,2624,294748,9374,1224584,411153,246795,2058,2624,2624,87.0,58.0
Uttar Pradesh,Fatehpur,25.8374362030905,80.85416203090509,172,2632733,3385,3385,460648,8349,1624830,603831,395547,2868,3385,3385,90.0,57.0
Uttar Pradesh,Firozabad,27.20963993055552,78.42660624999998,147,2498156,5834,5834,379586,28917,1621154,543730,312689,2940,5834,5834,88.0,61.0
Uttar Pradesh,Gautam Buddha Nagar,28.393311038961038,77.52462467532465,141,1648115,53181,53181,219857,87751,1015648,402967,188862,2578,53181,53181,85.0,68.0
Uttar Pradesh,Ghaziabad,28.74997308584685,77.67441879350343,140,4681645,78116,78116,672322,140034,2891069,1139871,559963,5946,78116,78116,88.0,67.0
Uttar Pradesh,Ghazipur,25.624724775583484,83.5360854578097,195,3620268,5309,5309,514080,5915,2234593,774130,556273,4079,5309,5309,95.0,61.0
Uttar Pradesh,Gonda,27.157215552099505,82.0226888024882,183,3433919,4313,4313,521253,9886,2223078,734903,464584,3614,4313,4313,92.0,49.0
Uttar Pradesh,Gorakhpur,26.63315886792452,83.3549560377358,188,4440895,14597,14597,666811,22177,2755630,992114,659677,5455,14597,14597,95.0,61.0
Uttar Pradesh,Hardoi,27.337409090909137,80.26411767676768,155,4092845,3845,3845,697057,7613,2598364,905306,559988,4209,3845,3845,87.0,54.0
Uttar Pradesh,Jalaun,26.067954587155988,79.36686911314993,165,1689974,2217,2217,276057,9057,1002817,410090,274954,1906,2217,2217,87.0,64.0
Uttar Pradesh,Jaunpur,25.70141280913127,82.54315351934063,194,4494204,8002,8002,653913,8271,2826453,927026,689979,5261,8002,8002,102.0,61.0
Uttar Pradesh,Jhansi,25.45581535234902,78.89954580536917,166,1998603,8517,8517,326556,25466,1171301,510728,308331,2651,8517,8517,89.0,65.0
Uttar Pradesh,Jyotiba Phule Nagar,28.870498984771597,78.39009365482241,137,1840221,2825,2825,300111,10385,1227283,391275,215849,2074,2825,2825,91.0,53.0
Uttar Pradesh,Kannauj,26.993988617886185,79.64437940379408,160,1656616,2488,2488,268151,6646,1069916,361028,223535,1730,2488,2488,88.0,61.0
Uttar Pradesh,Kanpur Dehat,26.43047641196011,79.98710083056478,163,1796184,2682,2682,320512,6125,1100820,415918,276272,2056,2682,2682,86.0,65.0
Uttar Pradesh,Kaushambi,25.53587532051282,81.41811282051287,174,1599596,1503,1503,271140,3175,1034099,336401,210556,1645,1503,1503,91.0,51.0
Uttar Pradesh,Kushinagar,26.892530675909864,83.92261542461007,189,3564544,3486,3486,549999,5421,2236842,772777,500373,3704,3486,3486,96.0,55.0
Uttar Pradesh,Lalitpur,24.58877161016945,78.60082330508473,167,1221592,1079,1079,209129,6708,793551,265080,159666,1287,1079,1079,91.0,52.0
Uttar Pradesh,Lucknow,26.838233589251463,80.89706026871404,157,4589838,68506,68506,688062,107236,2678289,1161686,685258,7486,68506,68506,92.0,68.0
Uttar Pradesh,Mahoba,25.34529670138888,79.67863003472216,169,875958,1316,1316,157367,4536,527067,201394,137393,904,1316,1316,88.0,56.0
Uttar Pradesh,Mainpuri,27.17386862302482,79.03501851015807,148,1868529,2642,2642,301040,7547,1193660,402321,265638,1998,2642,2642,88.0,64.0
Uttar Pradesh,Mathura,27.59390432801821,77.62153416856502,145,2547184,8726,8726,385642,19001,1600686,535738,327854,3025,8726,8726,86.0,59.0
Uttar Pradesh,Mau,26.01082203791469,83.50582654028433,192,2205968,2656,2656,313109,5380,1402738,467343,323260,2693,2656,2656,98.0,62.0
Uttar Pradesh,Meerut,29.02957625698323,77.80611005586593,138,3443689,23717,23717,510035,47594,2165117,780475,451827,4953,23717,23717,89.0,62.0
Uttar Pradesh,Mirzapur,25.10207959183675,82.60126628571429,199,2496970,4447,4447,381372,6470,1590528,552177,346773,2875,4447,4447,90.0,57.0
Uttar Pradesh,Moradabad,28.851770406189537,78.73580193423597,135,4772006,11690,11690,737631,39319,3168270,988486,525574,5452,11690,11690,91.0,47.0
Uttar Pradesh,Muzaffarnagar,29.470507977736563,77.64017847866423,133,4143512,10077,10077,645420,27173,2671757,911621,544283,4871,10077,10077,89.0,58.0
Uttar Pradesh,Pilibhit,28.52024175035868,79.90103974175037,151,2031007,2870,2870,349881,7346,1320476,449673,256276,2125,2870,2870,89.0,52.0
Uttar Pradesh,Pratapgarh,25.864842731707316,81.93530048780492,131,867848,716,716,171300,5499,545987,204801,115608,2829,716,716,98.0,46.0
Uttar Pradesh,Pratapgarh,25.864842731707316,81.93530048780492,173,3209141,5149,5149,523892,6378,2002569,703727,492097,3639,5149,5149,100.0,60.0
Uttar Pradesh,Rae Bareli,26.253902840059787,81.22260463378181,158,3405559,5184,5184,597191,12244,2116007,776583,506583,3812,5184,5184,94.0,58.0
Uttar Pradesh,Rampur,28.83244727272725,79.10977333333337,136,2335819,3847,3847,373771,14956,1576123,491164,258913,2545,3847,3847,91.0,45.0
Uttar Pradesh,Saharanpur,30.03381165217392,77.59905147826095,132,3466382,9699,9699,555491,26897,2228689,769736,433862,4029,9699,9699,89.0,60.0
Uttar Pradesh,Sant Kabir Nagar,26.791596516393444,83.0387764344262,186,1715183,2031,2031,253488,2887,1108368,352395,250502,1850,2031,2031,97.0,56.0
Uttar Pradesh,Shahjahanpur,27.991389350649328,79.8302275324675,152,3006538,3889,3889,497520,14789,1961237,652237,368743,3441,3889,3889,87.0,50.0
Uttar Pradesh,Sitapur,27.501995963091108,80.85288881199547,154,4483992,3874,3874,776437,11939,2862383,1000987,588318,4535,3874,3874,89.0,51.0
Uttar Pradesh,Sonbhadra,24.46693268858798,83.06816324951639,200,1862559,5149,5149,288821,19116,1203938,418914,237866,2337,5149,5149,92.0,53.0
Uttar Pradesh,Sultanpur,26.2846386419753,82.05710456790123,179,3797117,5956,5956,612902,9494,2376875,828222,580164,4190,5956,5956,98.0,59.0
Uttar Pradesh,Unnao,26.63163990895297,80.636773292868,156,3108367,3476,3476,548851,14029,1893706,706851,453462,3620,3476,3476,91.0,57.0
Uttar Pradesh,Varanasi,25.36057088888889,82.82529666666672,197,3676841,19214,19214,500257,33976,2260457,856070,531549,5059,19214,19214,91.0,65.0
Uttaranchal,Almora,29.683532133676103,79.50165064267351,64,622506,1830,1830,123666,12840,351595,141238,128994,742,1830,1830,114.0,70.0
Uttaranchal,Bageshwar,29.98703393393397,79.83954354354357,63,259898,435,435,53896,3013,147488,60569,51672,281,435,435,109.0,69.0
Uttaranchal,Chamoli,30.58338611464965,79.56281095541402,57,391605,899,899,72625,11202,229715,93182,67873,467,899,899,102.0,72.0
Uttaranchal,Champawat,29.29142393939393,80.07720212121217,65,259648,548,548,44945,5095,156916,60722,41913,309,548,548,98.0,68.0
Uttaranchal,Pithoragarh,30.14720631868129,80.34229230769236,62,483439,1344,1344,94192,14522,273494,116749,92517,631,1344,1344,102.0,71.0
Uttaranchal,Tehri Garhwal,30.463700918635173,78.48783792650917,59,618931,1366,1366,114292,13655,368324,139371,109998,743,1366,1366,108.0,66.0
Uttaranchal,Udham Singh Nagar,29.02779577677222,79.45629004524895,67,1648902,7883,7883,255817,30144,1042614,392370,212223,1805,7883,7883,92.0,63.0
Uttaranchal,Uttarkashi,30.968958552036234,78.56880615384617,56,330086,602,602,55125,8431,202426,75997,51245,356,602,602,96.0,65.0
West Bengal,Bankura,23.081280892857155,87.12640053571437,339,3596674,4273,4273,736418,10490,1942335,1014764,637834,3959,4273,4273,96.0,62.0
West Bengal,Barddhaman,23.444453888888884,87.8150581111111,335,7717563,32323,32323,1485095,136517,4149420,2265543,1292913,13547,32323,32323,95.0,68.0
West Bengal,Birbhum,24.06389342723,87.65153089201888,334,3502404,5210,5210,764002,14309,2008655,952059,539463,3911,5210,5210,96.0,62.0
West Bengal,Dakshin Dinajpur,25.342094363021435,88.69821679819614,331,1676276,2518,2518,381199,7064,937283,465982,271423,2039,2518,2518,96.0,65.0
West Bengal,Darjiling,26.839619571045585,88.33145067024122,327,1846823,10943,10943,305878,48498,1031221,523288,289979,3146,10943,10943,97.0,71.0
West Bengal,Haora,22.401674174428507,87.99421176968654,341,4850029,30751,30751,861570,140302,2587164,1423304,833104,9414,30751,30751,94.0,74.0
West Bengal,Hugli,22.87929264705881,88.00010264705891,338,5519145,31725,31725,1121201,111963,2766489,1688206,1060821,9450,31725,31725,96.0,74.0
West Bengal,Jalpaiguri,26.62642031250004,89.04154375000003,328,3872846,9322,9322,693346,77231,2259507,1035449,575667,5160,9322,9322,95.0,65.0
West Bengal,Kolkata,22.550581481481483,88.3527648148148,342,4496694,136618,136618,540172,385117,2025389,1433314,1014769,16375,136618,136618,91.0,80.0
West Bengal,Maldah,25.08026802575105,88.17191684549356,332,3988845,5357,5357,810212,12496,2511004,955283,520122,4191,5357,5357,94.0,52.0
West Bengal,Murshidabad,24.25950655391121,88.16816860465121,333,7103807,7951,7951,1481222,21489,4390564,1717594,991413,8088,7951,7951,96.0,57.0
West Bengal,Nadia,23.56410971055088,88.58293034547152,336,5167600,12787,12787,1162914,31984,2745828,1484986,934417,7048,12787,12787,95.0,67.0
West Bengal,Puruliya,23.254192328767108,86.3968532876713,340,2930115,3551,3551,546915,13996,1678057,764776,484166,3309,3551,3551,96.0,55.0
West Bengal,Uttar Dinajpur,26.044619165196977,88.23595232216337,330,3007134,2883,2883,573488,10356,1916033,704859,385155,3214,2883,2883,94.0,50.0
